,Afriberta-small,Afriberta-base,xlm-roberta-base
eval_loss,0.7473130822181702,0.7521924376487732,0.9016987681388855
eval_accuracy,0.6518058690744921,0.6568848758465011,0.5863431151241535
eval_f1,0.6518058690744921,0.6568848758465011,0.5863431151241535
eval_precision,0.6518058690744921,0.6568848758465011,0.5863431151241535
eval_recall,0.6518058690744921,0.6568848758465011,0.5863431151241535
eval_runtime,4.7274,8.9049,13.1597
eval_samples_per_second,374.835,198.992,134.653
eval_steps_per_second,93.709,49.748,33.663
epoch,2.0,2.0,2.0
