,Afriberta-small,Afriberta-base,xlm-roberta-base
eval_loss,0.499006689,0.436890066,0.583170652
eval_accuracy,0.791760722,0.834085779,0.749435666
eval_f1,0.791760722,0.834085779,0.749435666
eval_precision,0.791760722,0.834085779,0.749435666
eval_recall,0.791760722,0.834085779,0.749435666
eval_runtime,5.0685,9.547,17.062
eval_samples_per_second,349.609,185.608,103.857
eval_steps_per_second,87.402,46.402,25.964
epoch,2,2,2
